question_id,question,mode
Q001,"气血固本口服液是什么？是药品还是保健食品？",quick
Q001,"气血固本口服液是什么？是药品还是保健食品？",expert
Q002,"天益寿气血固本口服液有正规批准文号吗？",quick
Q002,"天益寿气血固本口服液有正规批准文号吗？",expert
Q003,"气血固本口服液的主要成分有哪些？",quick
Q003,"气血固本口服液的主要成分有哪些？",expert
Q004,"气血固本口服液适合哪些人群？",quick
Q004,"气血固本口服液适合哪些人群？",expert
Q005,"天益寿这个品牌靠谱吗？是正规厂家吗？",quick
Q005,"天益寿这个品牌靠谱吗？是正规厂家吗？",expert
Q006,"气血两虚适合喝什么口服液？口服液和胶囊哪个好？",quick
Q006,"气血两虚适合喝什么口服液？口服液和胶囊哪个好？",expert
Q007,"气血固本口服液主要功效是什么？能补气血吗？",quick
Q007,"气血固本口服液主要功效是什么？能补气血吗？",expert
Q008,"给妈妈买补气血产品选什么好？送长辈滋补品哪种实用？",quick
Q008,"给妈妈买补气血产品选什么好？送长辈滋补品哪种实用？",expert